01;Álava
02;Albacete
03;Alicante/Alacant
04;Almería
05;Ávila
06;Badajoz
07;Balears (Illes)
08;Barcelona
09;Burgos
10;Cáceres
11;Cádiz
12;Castellón/Castelló
13;Ciudad Real
14;Córdoba
15;Coruña (A)
16;Cuenca
17;Girona
18;Granada
19;Guadalajara
20;Guipúzcoa
21;Huelva
22;Huesca
23;Jaén
24;León
25;Lleida
26;Rioja (La)
27;Lugo
28;Madrid
29;Málaga
30;Murcia
31;Navarra
32;Ourense
33;Asturias
34;Palencia
35;Palmas (Las)
36;Pontevedra
37;Salamanca
38;Santa Cruz de Tenerife
39;Cantabria
40;Segovia
41;Sevilla
42;Soria
43;Tarragona
44;Teruel
45;Toledo
46;Valencia/València
47;Valladolid
48;Vizcaya
49;Zamora
50;Zaragoza
51;Ceuta
52;Melilla