[
  {
    "Codigo":1,
    "Ciudad":"Álava"
  },
  {
    "Codigo":2,
    "Ciudad":"Albacete"
  },
  {
    "Codigo":3,
    "Ciudad":"Alicante/Alacant"
  },
  {
    "Codigo":4,
    "Ciudad":"Almería"
  },
  {
    "Codigo":5,
    "Ciudad":"Ávila"
  },
  {
    "Codigo":6,
    "Ciudad":"Badajoz"
  },
  {
    "Codigo":7,
    "Ciudad":"Balears (Illes)"
  },
  {
    "Codigo":8,
    "Ciudad":"Barcelona"
  },
  {
    "Codigo":9,
    "Ciudad":"Burgos"
  },
  {
    "Codigo":10,
    "Ciudad":"Cáceres"
  },
  {
    "Codigo":11,
    "Ciudad":"Cádiz"
  },
  {
    "Codigo":12,
    "Ciudad":"Castellón/Castelló"
  },
  {
    "Codigo":13,
    "Ciudad":"Ciudad Real"
  },
  {
    "Codigo":14,
    "Ciudad":"Córdoba"
  },
  {
    "Codigo":15,
    "Ciudad":"Coruña (A)"
  },
  {
    "Codigo":16,
    "Ciudad":"Cuenca"
  },
  {
    "Codigo":17,
    "Ciudad":"Girona"
  },
  {
    "Codigo":18,
    "Ciudad":"Granada"
  },
  {
    "Codigo":19,
    "Ciudad":"Guadalajara"
  },
  {
    "Codigo":20,
    "Ciudad":"Guipúzcoa"
  },
  {
    "Codigo":21,
    "Ciudad":"Huelva"
  },
  {
    "Codigo":22,
    "Ciudad":"Huesca"
  },
  {
    "Codigo":23,
    "Ciudad":"Jaén"
  },
  {
    "Codigo":24,
    "Ciudad":"León"
  },
  {
    "Codigo":25,
    "Ciudad":"Lleida"
  },
  {
    "Codigo":26,
    "Ciudad":"Rioja (La)"
  },
  {
    "Codigo":27,
    "Ciudad":"Lugo"
  },
  {
    "Codigo":28,
    "Ciudad":"Madrid"
  },
  {
    "Codigo":29,
    "Ciudad":"Málaga"
  },
  {
    "Codigo":30,
    "Ciudad":"Murcia"
  },
  {
    "Codigo":31,
    "Ciudad":"Navarra"
  },
  {
    "Codigo":32,
    "Ciudad":"Ourense"
  },
  {
    "Codigo":33,
    "Ciudad":"Asturias"
  },
  {
    "Codigo":34,
    "Ciudad":"Palencia"
  },
  {
    "Codigo":35,
    "Ciudad":"Palmas (Las)"
  },
  {
    "Codigo":36,
    "Ciudad":"Pontevedra"
  },
  {
    "Codigo":37,
    "Ciudad":"Salamanca"
  },
  {
    "Codigo":38,
    "Ciudad":"Santa Cruz de Tenerife"
  },
  {
    "Codigo":39,
    "Ciudad":"Cantabria"
  },
  {
    "Codigo":40,
    "Ciudad":"Segovia"
  },
  {
    "Codigo":41,
    "Ciudad":"Sevilla"
  },
  {
    "Codigo":42,
    "Ciudad":"Soria"
  },
  {
    "Codigo":43,
    "Ciudad":"Tarragona"
  },
  {
    "Codigo":44,
    "Ciudad":"Teruel"
  },
  {
    "Codigo":45,
    "Ciudad":"Toledo"
  },
  {
    "Codigo":46,
    "Ciudad":"Valencia/València"
  },
  {
    "Codigo":47,
    "Ciudad":"Valladolid"
  },
  {
    "Codigo":48,
    "Ciudad":"Vizcaya"
  },
  {
    "Codigo":49,
    "Ciudad":"Zamora"
  },
  {
    "Codigo":50,
    "Ciudad":"Zaragoza"
  },
  {
    "Codigo":51,
    "Ciudad":"Ceuta"
  },
  {
    "Codigo":52,
    "Ciudad":"Melilla"
  }
]